id,cid,sdate,name,pcid,ppid
7,44,1974-10-10,Wilson IV,419,40
8,5,1964-11-09,Sato I,649,640
17,43,1974-03-01,Messmer III,607,357
19,44,2001-06-07,Blair II,838,208
21,43,1976-08-17,Barre I,159,357
25,29,1972-11-27,Trudeau P III,696,552
31,54,1963-10-16,Erhard I,62,381
32,43,1952-01-20,Faure I,826,293
46,43,2005-05-31,Villepin,802,403
48,5,1960-12-08,Ikeda II,241,345
52,43,1946-12-16,Blum,150,75
55,29,2000-11-27,Chretien III,182,455
59,5,1974-12-09,Miki,502,333
62,54,1961-11-14,Adenauer VII,906,381
63,44,1963-10-18,Douglas-Home,237,161
70,29,1980-03-03,Trudeau V,751,139
72,43,1978-03-31,Barre II,21,496
85,54,2005-11-22,Merkel I,529,118
88,44,1950-02-28,Attlee II,99,625
99,44,1945-07-26,Attlee I,1286,609
103,29,2003-12-12,Martin I,55,455
104,43,1951-03-10,Queuille III,367,75
106,5,1989-08-10,Kaifu I,743,506
107,54,1998-10-27,Schroeder I,778,679
111,43,1969-06-22,Chaban-Delmas,131,386
116,43,1981-06-23,Mauroy II,1148,20
119,44,2007-06-27,Brown,516,233
131,43,1968-07-12,Murville,662,386
134,5,2007-09-26,Fukuda Y,390,554
146,5,1986-07-22,Nakasone III,568,506
147,54,1949-09-20,Adenauer I,,581
150,43,1946-06-24,Bidault I,648,348
159,43,1974-05-28,Chirac I,17,357
163,5,2000-07-04,Mori II,211,237
170,54,1966-12-01,Kiesinger,326,250
180,5,1980-07-17,Suzuki,727,113
182,29,1997-06-11,Chretien II,785,650
184,44,1955-05-26,Eden II,729,678
192,54,1953-10-20,Adenauer II,147,103
197,43,1958-06-02,de Gaulle III,594,312
199,43,1992-04-02,Beregovoy I,229,643
209,43,1957-06-13,Bourges-Maunoury,591,312
211,5,2000-04-05,Mori I,665,628
213,5,1990-02-28,Kaifu II,106,25
216,44,1970-06-19,Heath,733,311
227,5,1978-12-07,Ohira I,337,53
229,43,1991-05-16,Cresson,712,643
237,44,1959-10-14,Macmillan II,404,161
241,5,1960-07-19,Ikeda I,780,645
242,5,1982-11-27,Nakasone I,180,113
244,43,1995-05-17,Juppe I,318,664
249,29,1957-06-21,Diefenbaker I,327,562
252,54,1974-05-16,Schmidt I,871,95
253,5,1991-11-05,Miyazawa,213,25
263,43,1948-07-27,Marie,753,75
273,44,1979-05-04,Thatcher I,590,243
283,5,1987-11-06,Takeshita,146,506
286,54,1987-03-11,Kohl III,346,588
290,43,1986-03-20,Chirac II,843,623
297,44,1987-06-11,Thatcher III,646,490
306,43,2007-06-18,Fillon II,807,171
308,29,2004-07-20,Martin II,103,240
318,43,1993-03-29,Balladur,199,664
326,54,1965-10-26,Erhard II,31,250
327,29,1953-08-10,St-Laurent III,750,292
329,43,1944-11-10,de Gaulle I,1416,983
330,43,1947-01-22,Ramadier I,52,75
337,5,1976-12-24,Fukuda T,59,53
343,54,1980-11-05,Schmidt III,459,547
346,54,1983-03-30,Kohl II,642,484
349,43,1966-01-09,Pompidou III,698,407
355,43,1948-09-10,Queuille I,363,75
358,54,1969-10-22,Brandt I,170,447
363,43,1948-08-31,Schuman II,263,75
367,43,1950-07-12,Pleven I,1142,75
371,5,1996-11-07,Hashimoto II,800,628
374,5,2009-09-16,Hatoyama Y,494,327
376,54,1955-07-15,Adenauer III,192,103
390,5,2007-08-27,Abe II,679,554
397,43,1955-02-23,Faure II,414,293
400,43,1953-06-28,Laniel,557,293
404,44,1957-01-10,Macmillan I,184,678
411,43,1945-11-21,de Gaulle II,329,471
414,43,1954-06-19,Mendes-France,400,293
415,29,1965-12-18,Pearson II,857,282
417,5,1993-08-06,Hosokawa,253,57
419,44,1974-03-04,Wilson III,216,568
422,43,1995-11-07,Juppe II,244,664
428,43,1983-03-22,Mauroy III,116,20
430,43,1972-07-06,Messmer I,111,386
432,5,1994-04-25,Hata,417,57
458,43,1957-11-05,Gaillard,209,312
459,54,1976-12-15,Schmidt II,252,163
472,54,2009-10-28,Merkel II,85,93
481,43,1997-06-02,Jospin,422,479
493,5,2010-06-04,Kan,374,327
494,5,2008-09-24,Aso,134,554
498,29,1984-09-17,Mulroney I,670,159
502,5,1972-12-22,Tanaka II,656,333
515,44,1990-11-28,Major I,297,490
516,44,2005-05-06,Blair III,19,233
526,43,1962-04-15,Pompidou I,692,375
760,44,1964-10-16,Wilson I,63,223
529,54,2002-10-22,Schroeder II,107,385
534,29,1948-11-15,St-Laurent I,608,189
557,43,1953-01-07,Mayer,658,293
565,29,1968-04-20,Trudeau P I,415,282
568,5,1983-12-27,Nakasone II,242,138
590,44,1976-04-05,Callaghan,7,40
591,43,1956-01-31,Mollet,397,312
594,43,1958-05-12,Pflimlin,458,312
607,43,1973-04-05,Messmer II,430,357
608,29,1945-06-11,King V,1164,189
610,29,2006-02-06,Harper I,308,137
612,29,2008-10-30,Harper II,610,601
619,29,1962-06-18,Diefenbaker III,697,76
633,54,1956-02-24,Adenauer IV,376,103
636,43,1949-10-28,Bidault II,355,75
642,54,1982-10-01,Kohl I,343,547
646,44,1983-06-09,Thatcher II,273,290
648,43,1946-01-26,Gouin,411,471
649,5,1963-12-09,Ikeda III,48,640
656,5,1972-07-07,Tanaka I,789,603
658,43,1952-03-08,Pinay,32,293
662,43,1967-04-08,Pompidou IV,349,291
665,5,1999-10-05,Obuchi III,916,628
670,29,1984-06-30,Turner,70,139
678,44,1992-04-09,Major II,515,514
679,5,2006-09-26,Abe I,850,554
691,44,1951-10-26,Churchill III,88,102
692,43,1959-01-08,Debr??,197,375
696,29,1968-07-06,Trudeau P II,565,91
697,29,1958-03-31,Diefenbaker II,249,286
698,43,1962-12-06,Pompidou II,526,407
704,29,1993-06-25,Campbell,739,96
711,43,2002-05-07,Raffarin I,481,479
712,43,1988-06-23,Rocard II,1150,643
727,5,1979-11-09,Ohira II,227,433
729,44,1955-04-06,Eden I,691,102
733,44,1966-04-05,Wilson II,760,583
739,29,1988-12-07,Mulroney II,498,96
743,5,1989-06-03,Uno,283,506
750,29,1949-06-27,St-Laurent II,534,112
751,29,1979-06-04,Clark,783,683
753,43,1947-11-24,Schuman I,330,75
758,43,1950-02-02,Bidault III,636,75
770,5,2003-11-19,Koizumi II,840,511
778,54,1994-11-17,Kohl V,862,595
780,5,1958-06-12,Kishi II,887,645
783,29,1974-08-08,Trudeau P IV,25,276
785,29,1993-11-04,Chretien I,704,546
787,5,1967-02-17,Sato II,8,367
789,5,1970-01-14,Sato III,787,603
793,54,1957-10-24,Adenauer V,633,331
800,5,1996-01-11,Hashimoto I,868,57
802,43,2004-03-30,Raffarin III,820,403
807,43,2007-05-18,Fillon I,46,403
820,43,2002-06-17,Raffarin II,711,403
826,43,1951-08-11,Pleven II,104,293
838,44,1997-05-02,Blair I,678,315
840,5,2001-04-26,Koizumi I,163,237
843,43,1984-07-17,Fabius,428,20
850,5,2005-10-31,Koizumi III,770,554
857,29,1963-04-22,Pearson I,619,424
862,54,1991-01-18,Kohl IV,286,445
868,5,1994-06-30,Murayama,432,57
871,54,1972-12-15,Brandt II,358,95
874,44,2010-05-11,Cameron I,119,582
883,43,2010-11-14,Fillon III,306,171
887,5,1957-02-25,Kishi I,901,692
891,5,1946-05-22,Yoshida I,,697
892,5,1947-05-23,Katayama,891,696
893,5,1948-02-21,Ashida,892,696
894,5,1948-10-15,Yoshida II,893,696
895,5,1949-02-11,Yoshida III,894,695
896,5,1952-10-24,Yoshida IV,895,694
897,5,1953-05-19,Yoshida V,896,693
898,5,1954-12-09,Hatoyama I I,897,693
899,5,1955-03-18,Hatoyama I II,898,692
900,5,1955-11-22,Hatoyama I III,899,692
901,5,1956-12-20,Ishibashi,900,692
906,54,1960-07-01,Adenauer VI,793,331
915,5,1998-07-30,Obuchi I,371,628
916,5,1999-01-14,Obuchi II,915,628
919,29,2011-05-02,Harper III,612,703
969,5,2011-08-30,Noda,493,327
1037,43,2012-05-15,Ayrault I,883,171
1038,43,2012-06-18,Ayrault II,1037,782
1044,5,2012-12-26,Abe III,969,788
1103,43,2014-03-31,Valls I,1038,782
1071,54,2013-12-17,Merkel III,472,800
1141,43,2014-08-26,Valls II,1103,782
1142,43,1950-07-02,Queuille II,758,75
1148,43,1981-05-22,Mauroy I,72,496
1150,43,1988-05-10,Rocard I,290,623
1156,5,2014-12-24,Abe IV,1044,850
1162,44,2015-05-08,Cameron II,874,856
1164,29,1940-03-26,King IV,1165,854
1165,29,1935-10-23,King III,1166,857
1166,29,1930-08-07,Bennett ,1167,858
1167,29,1926-09-25,King II,1168,859
1168,29,1921-12-29,King I,1169,861
1169,29,1920-07-10,Meighen,1469,862
1170,29,1917-10-12,Borden II,1171,863
1171,29,1911-10-10,Borden I,1468,863
1176,29,2015-11-04,Trudeau J,919,994
1286,44,1937-05-28,Chamberlain,1288,911
1287,44,1935-06-07,Baldwin III,1289,910
1288,44,1935-11-14,Baldwin IV,1287,911
1289,44,1931-11-05,MacDonald III,1290,910
1290,44,1929-06-05,MacDonald II ,1291,909
1291,44,1924-11-06,Baldwin II ,1292,908
1292,44,1924-01-23,MacDonald I ,1293,907
1293,44,1923-05-25,Baldwin I ,1294,906
1294,44,1922-10-24,Bonar Law,1295,905
1295,44,1919-01-10,Lloyd George I,,905
1302,43,1939-09-13,Daladier V,1303,983
1303,43,1939-05-11,Daladier IV,1304,983
1304,43,1938-04-12,Daladier III,1305,983
1305,43,1938-03-13,Blum II,1306,983
1306,43,1937-06-29,Chautemps III,1307,983
1307,43,1936-06-04,Blum I,1327,983
1327,43,1936-01-24,Sarraut II,1328,984
1328,43,1935-06-07,Laval III,1329,984
1329,43,1935-06-01,Bouisson,1330,984
1330,43,1934-11-08,Flandin,1331,984
1331,43,1934-02-09,Doumergue II,1332,984
1332,43,1934-01-30,Daladier II ,1333,984
1333,43,1933-11-26,Chautemps II ,1334,984
1334,43,1933-10-26,Sarraut I ,1335,984
1335,43,1933-01-31,Daladier I ,1336,984
1336,43,1932-12-18,Paul-Boncour,1337,984
1337,43,1932-06-03,Herriot III,1338,984
1338,43,1932-02-20,Tardieu III ,1414,985
1340,43,1931-01-27,Laval I ,1341,985
1341,43,1930-12-13,Steeg,1342,985
1342,43,1930-03-02,Tardieu II ,1343,985
1343,43,1930-02-21,Chautemps I,1344,985
1344,43,1929-11-03,Tardieu I ,1345,985
1345,43,1929-07-29,Briand IX,1346,985
1346,43,1928-11-11,Poincare V,1410,985
1347,43,1926-07-23,Poincare III,1348,991
1348,43,1926-07-19,Herriot II ,1350,991
1350,43,1925-11-28,Briand VIII,1351,991
1351,43,1925-04-17,Painleve,1352,991
1352,43,1924-06-14,Herriot I,1353,991
1353,43,1924-06-08,Francois-Marsal,1354,991
1354,43,1922-01-15,Poincare II,1355,990
1355,43,1921-01-16,Briand VII,1356,990
1356,43,1920-09-24,Leygues,1357,990
1357,43,1920-02-18,Millerand II,1358,990
1358,43,1920-01-20,Millerand I,1413,990
1359,43,1917-11-16,Clemenceau II,1405,989
1387,43,1902-06-07,Combes,,987
1388,43,1905-01-24,Rouvier ,1387,987
1390,43,1906-10-25,Clemenceau I,1411,986
1391,43,1909-07-24,Briand I,1390,986
1392,43,1910-11-03,Briand III,1412,988
1393,43,1911-03-02,Monis,1392,988
1394,43,1911-06-27,Caillaux,1393,988
1395,43,1912-01-14,Poincare I,1394,988
1396,43,1913-01-21,Briand IV,1395,988
1397,43,1913-03-22,Barthou,1396,988
1398,43,1913-12-22,Doumergue I,1397,988
1399,43,1914-06-09,Ribot I,1398,989
1400,43,1914-06-13,Viviani I,1399,989
1401,43,1914-08-26,Viviani II,1400,989
1402,43,1915-10-29,Briand V,1401,989
1403,43,1916-12-12,Briand VI,1402,989
1404,43,1917-03-20,Ribot II,1403,989
1405,43,1917-09-12,Painleve ?,1404,989
1406,43,2016-02-11,Valls III,1141,782
1409,43,1906-03-14,Sarrien I,1388,987
1410,43,1928-04-29,Poincare IV,1347,985
1411,43,1906-05-20,Sarrien II,1409,986
1412,43,1910-05-08,Briand II,1391,988
1413,43,1919-10-16,Clemenceau III,1359,990
1414,43,1932-01-14,Laval II,1340,985
1415,43,1940-03-22,Reynaud ,1302,983
1416,43,1940-06-16,Petain,1415,983
1466,29,1900-11-07,Laurier I,,883
1467,29,1904-11-03,Laurier II,1466,884
1468,29,1908-10-26,Laurier III,1467,885
1469,29,1917-12-17,Borden III,1170,862
1489,44,2016-07-13,May I,1162,856
1498,43,2016-12-06,Cazeneuve,1406,782
1507,44,2017-06-11,May II,1489,1013
1508,43,2017-06-14,Philippe I,1498,782
1509,43,2017-06-21,Philippe II,1508,1014
